{
  "angry": {
    "precision": 0.5992063492063492,
    "recall": 0.4237605238540692,
    "f1-score": 0.4964383561643836,
    "support": 1069.0
  },
  "fear": {
    "precision": 0.4315068493150685,
    "recall": 0.24609375,
    "f1-score": 0.31343283582089554,
    "support": 1024.0
  },
  "happy": {
    "precision": 0.6984200743494424,
    "recall": 0.8472378804960541,
    "f1-score": 0.7656647987773816,
    "support": 1774.0
  },
  "neutral": {
    "precision": 0.4833451452870305,
    "recall": 0.5531224655312247,
    "f1-score": 0.5158850226928896,
    "support": 1233.0
  },
  "sad": {
    "precision": 0.4162473040977714,
    "recall": 0.46431435445068164,
    "f1-score": 0.43896891584533737,
    "support": 1247.0
  },
  "surprise": {
    "precision": 0.6923076923076923,
    "recall": 0.7364620938628159,
    "f1-score": 0.7137026239067056,
    "support": 831.0
  },
  "accuracy": 0.5685427695736974,
  "macro avg": {
    "precision": 0.5535055690938924,
    "recall": 0.5451651780324743,
    "f1-score": 0.5406820922012655,
    "support": 7178.0
  },
  "weighted avg": {
    "precision": 0.5588944632979451,
    "recall": 0.5685427695736974,
    "f1-score": 0.5553781737471912,
    "support": 7178.0
  }
}